{"nwrmsle": 1.9562475266137467, "mae": 7.727863143990023, "mse": 24.65884468622079}
