{"nwrmsle": 0.6846350252610847, "mae": 4.558459498115003, "mse": 21.87350490230567}
